{"cameraMode":{"drawMode":0,"name":"Shaded","section":"Shading Mode"},"sceneLighting":true,"audioPlay":false,"sceneViewState":{"m_AlwaysRefresh":false,"showFog":true,"showSkybox":true,"showFlares":true,"showImageEffects":true,"showParticleSystems":true,"showVisualEffectGraphs":true,"m_FxEnabled":true},"in2DMode":false,"pivot":{"x":171.68746948242188,"y":-10.048980712890625,"z":-339.69586181640627},"rotation":{"x":-0.13560272753238679,"y":-0.8356852531433106,"z":0.2380446344614029,"w":-0.47604578733444216},"size":82.86886596679688,"orthographic":false}