{"cameraMode":{"drawMode":0,"name":"Shaded","section":"Shading Mode"},"sceneLighting":false,"audioPlay":false,"sceneViewState":{"m_AlwaysRefresh":false,"showFog":false,"showSkybox":false,"showFlares":false,"showImageEffects":false,"showParticleSystems":false,"showVisualEffectGraphs":true,"m_FxEnabled":true},"in2DMode":false,"pivot":{"x":-0.8879095911979675,"y":0.6405084729194641,"z":1.5540144443511963},"rotation":{"x":0.00045558702549897134,"y":0.9893994331359863,"z":0.007207170594483614,"w":-0.1474442034959793},"size":0.19295349717140199,"orthographic":false}